app_id|name|release_date|price_usd|price_display|genres|categories|positive_reviews|negative_reviews|recommendation_score|tags
2457220|Avowed|Feb 18, 2025|49.99|$49.99|RPG|Single-player, Steam Achievements, Full controller support, Steam Trading Cards, Adjustable Text Size, Camera Comfort, Color Alternatives, Adjustable Difficulty, Playable without Timed Input, Save Anytime, Stereo Sound, Steam Cloud, Stats, Family Sharing|7522|2135||RPG, Fantasy, Singleplayer, First-Person, Story Rich, Magic, LGBTQ+, Adventure, Character Customization, Choices Matter, Combat, Action RPG, Third Person, Open World, Colorful, 3D, Violent, Action, Atmospheric, Mature
1086940|Baldur's Gate 3|Aug 3, 2023|59.99|$59.99|Adventure, RPG, Strategy|Single-player, Multi-player, Co-op, Online Co-op, LAN Co-op, Cross-Platform Multiplayer, Steam Achievements, Full controller support, Steam Trading Cards, Adjustable Text Size, Camera Comfort, Color Alternatives, Custom Volume Controls, Adjustable Difficulty, Playable without Timed Input, Save Anytime, Stereo Sound, Subtitle Options, Surround Sound, Steam Cloud, Remote Play on TV, Remote Play Together, Family Sharing|736688|23974||RPG, Character Customization, Choices Matter, Story Rich, Turn-Based Combat, Dungeons & Dragons, CRPG, Fantasy, Adventure, Sexual Content, Romance, Online Co-Op, Multiplayer, Strategy, Singleplayer, Co-op Campaign, Nudity, Class-Based, Dark Fantasy, Combat
597820|BIOMUTANT|May 25, 2021|39.99|$39.99|Action, RPG|Single-player, Steam Achievements, Full controller support, Steam Trading Cards, Steam Cloud, Remote Play on Tablet, Family Sharing|12840|6587||Open World, Action, Singleplayer, RPG, Adventure, Character Customization, Post-apocalyptic, Third Person, Hack and Slash, Fantasy, Atmospheric, Exploration, Action RPG, Multiplayer, Martial Arts, Cute, Story Rich, Sci-fi, Indie, Souls-like
2358720|Black Myth: Wukong|Aug 19, 2024|59.99|$59.99|Action, Adventure, RPG|Single-player, Steam Achievements, Full controller support, Steam Trading Cards, Playable without Timed Input, Stereo Sound, Surround Sound, Steam Cloud, Family Sharing|1111720|38378||Mythology, Action RPG, Action, Souls-like, RPG, Combat, Story Rich, Singleplayer, Action-Adventure, Drama, Dark Fantasy, Atmospheric, Adventure, 3D, Fantasy, Hack and Slash, Difficult, Third Person, Music, Violent
1903340|Clair Obscur: Expedition 33|Apr 24, 2025|47.99|$47.99|Action, RPG|Single-player, Steam Achievements, Full controller support, Adjustable Text Size, Custom Volume Controls, Adjustable Difficulty, Stereo Sound, Subtitle Options, Surround Sound, Steam Cloud, Family Sharing|106216|4816||Turn-Based Combat, Story Rich, Fantasy, RPG, Exploration, JRPG, Adventure, Lore-Rich, Singleplayer, Action RPG, Souls-like, Party-Based RPG, Dark Fantasy, Character Customization, 3D, Post-apocalyptic, Great Soundtrack, Narration, Realistic, Action
1091500|Cyberpunk 2077|Dec 9, 2020|59.99|$59.99|RPG|Single-player, Steam Achievements, Full controller support, Steam Trading Cards, Adjustable Text Size, Camera Comfort, Color Alternatives, Custom Volume Controls, Adjustable Difficulty, Playable without Timed Input, Save Anytime, Stereo Sound, Subtitle Options, Surround Sound, Steam Cloud, HDR available, Family Sharing|713071|131850||Cyberpunk, Open World, Nudity, RPG, Singleplayer, Sci-fi, FPS, Story Rich, Mature, Futuristic, First-Person, Atmospheric, Exploration, Action, Violent, Great Soundtrack, Action RPG, Adventure, Character Customization, Immersive Sim
236430|DARK SOULS™ II|Apr 25, 2014|39.99|$39.99|Action, RPG|Single-player, Multi-player, Co-op, Steam Achievements, Full controller support, Remote Play on Phone, Remote Play on Tablet, Remote Play on TV, Family Sharing|39201|5123||Souls-like, RPG, Dark Fantasy, Difficult, Action RPG, Action, Unforgiving, Adventure, Exploration, Atmospheric, Co-op, Multiplayer, Fantasy, Epic, PvP, Immersive, Third Person, Replay Value, Open World, Dark
335300|DARK SOULS™ II: Scholar of the First Sin|Apr 1, 2015|39.99|$39.99|Action, RPG|Single-player, Multi-player, Co-op, Steam Achievements, Full controller support, Remote Play on Phone, Remote Play on Tablet, Remote Play on TV, Family Sharing|98052|18658||Souls-like, Dark Fantasy, RPG, Difficult, Action, Third Person, Atmospheric, Action RPG, Character Customization, Co-op, Multiplayer, Adventure, Fantasy, Medieval, Dark, Singleplayer, Lore-Rich, Story Rich, PvP, Remake
606280|Darksiders III|Nov 27, 2018|39.99|$39.99|Action, Adventure, RPG|Single-player, Steam Achievements, Full controller support, Steam Trading Cards, Steam Cloud, Remote Play on Phone, Remote Play on Tablet, Remote Play on TV, Family Sharing|11626|3571||Hack and Slash, Action, Female Protagonist, Souls-like, Singleplayer, Adventure, RPG, Action-Adventure, Open World, Violent, Third Person, Story Rich, Dark Fantasy, Atmospheric, Post-apocalyptic, Puzzle, Fantasy, Gore, Difficult, Dark
632470|Disco Elysium - The Final Cut|Oct 15, 2019|39.99|$39.99|RPG|Single-player, Steam Achievements, Full controller support, Steam Trading Cards, Steam Cloud, Remote Play on Tablet, Family Sharing|104010|7702||RPG, Story Rich, Choices Matter, Detective, Isometric, Atmospheric, Singleplayer, Point & Click, CRPG, Noir, Political, Surreal, Visual Novel, Exploration, Funny, Indie, Adventure, Open World, Character Customization, Sexual Content
230230|Divinity: Original Sin (Classic)|Jun 30, 2014|||Adventure, Indie, RPG, Strategy|Single-player, Multi-player, Co-op, Cross-Platform Multiplayer, Steam Achievements, Steam Trading Cards, Captions available, Steam Workshop, Steam Cloud, Includes level editor, Remote Play Together, Family Sharing|10798|987||RPG, Turn-Based, Co-op, Fantasy, Adventure, Strategy, Open World, Isometric, CRPG, Story Rich, Kickstarter, Singleplayer, Indie, Multiplayer, Turn-Based Strategy, Magic, Online Co-Op, Crowdfunded, Atmospheric, Female Protagonist
715950|Divinity: Original Sin 2 - Divine Ascension|Sep 14, 2017|14.99|$14.99|Adventure, RPG, Strategy|Single-player, Multi-player, Online PvP, Shared/Split Screen PvP, Co-op, Online Co-op, Shared/Split Screen Co-op, Shared/Split Screen, Downloadable Content, Full controller support, Steam Cloud, Family Sharing|176|13||Strategy, RPG, Adventure
1222690|Dragon Age™ Inquisition|Jun 4, 2020|39.99|$39.99|Action, Adventure, RPG, Strategy|Single-player, Multi-player, Co-op, Online Co-op, Steam Achievements, Full controller support, Steam Trading Cards|14780|4815||RPG, Character Customization, Open World, Choices Matter, Fantasy, Story Rich, Singleplayer, Sexual Content, Adventure, Action, Dragons, Multiplayer, Third Person, Action RPG, Strategy, Female Protagonist, Great Soundtrack, Atmospheric, Combat, LGBTQ+
47810|Dragon Age: Origins - Ultimate Edition|Oct 26, 2010|29.99|$29.99|RPG|Single-player, Family Sharing|24599|3813||RPG, Fantasy, Story Rich, Choices Matter, Singleplayer, Party-Based RPG, Real-Time with Pause, Character Customization, Mature, Adventure, Multiple Endings, Well-Written, Dark Fantasy, Strategy, Dragons, Female Protagonist, Classic, Open World, Tactical, Moddable
851850|DRAGON BALL Z: KAKAROT|Jan 16, 2020|19.99|$19.99|Action, RPG|Single-player, Steam Achievements, Full controller support, Steam Trading Cards, Steam Cloud, Remote Play on Phone, Remote Play on Tablet, Remote Play on TV, Family Sharing|50976|3704||Action, RPG, Anime, Open World, Multiplayer, Fighting, Singleplayer, Story Rich, Adventure, JRPG, Controller, Great Soundtrack, Action RPG, Beat 'em up, Fantasy, Dragons, Third Person, Atmospheric, Character Customization, Difficult
2893570|DRAGON QUEST I & II HD-2D Remake|Oct 30, 2025|59.99|$59.99|RPG|Single-player, Steam Achievements, Steam Trading Cards, Camera Comfort, Custom Volume Controls, Adjustable Difficulty, Keyboard Only Option, Playable without Timed Input, Partial Controller Support, Steam Cloud, Family Sharing|0|0||
1873960|Dungeon Crawler|Feb 25, 2022|5.99|$5.99|Casual, Indie, RPG, Strategy|Single-player, Family Sharing|9|3||Turn-Based Combat, Dungeon Crawler, Strategy, Hack and Slash, Rogue-like, Fantasy, Loot, Procedural Generation, Atmospheric, Stylized, Grid-Based Movement, Singleplayer, Mouse only, Turn-Based Tactics, Tabletop, RPG, Third Person, Dark, PvE, Zombies
411300|ELEX|Oct 17, 2017|29.99|$29.99|Action, Adventure, RPG|Single-player, Steam Achievements, Full controller support, Steam Trading Cards, Steam Cloud, Remote Play on TV, Family Sharing|14162|4856||RPG, Open World, Singleplayer, Post-apocalyptic, Sci-fi, Fantasy, Adventure, Action, Third Person, Gothic, Story Rich, Atmospheric, Choices Matter, Difficult, War, Futuristic, Violent, Dark Fantasy, Base-Building, Third-Person Shooter
1245620|ELDEN RING|Feb 24, 2022|59.99|$59.99|Action, RPG|Single-player, Multi-player, PvP, Online PvP, Co-op, Online Co-op, Steam Achievements, Full controller support, Steam Trading Cards, Camera Comfort, Custom Volume Controls, Playable without Timed Input, Save Anytime, Stereo Sound, Surround Sound, Steam Cloud, Family Sharing|981540|75137||Souls-like, Open World, Dark Fantasy, RPG, Difficult, Action RPG, Third Person, Multiplayer, Fantasy, Singleplayer, Online Co-Op, Action, Co-op, Atmospheric, PvP, Great Soundtrack, Violent, 3D, Character Customization, Family Friendly
2778580|ELDEN RING Shadow of the Erdtree|Jun 20, 2024|39.99|$39.99|Action, RPG|Single-player, Multi-player, PvP, Online PvP, Co-op, Online Co-op, Downloadable Content, Steam Achievements, Full controller support, Steam Trading Cards, Steam Cloud, Family Sharing|0|0||
377160|Fallout 4|Nov 9, 2015|19.99|$19.99|RPG|Single-player, Steam Achievements, Full controller support, Playable without Timed Input, Save Anytime, Stereo Sound, Surround Sound, Steam Cloud, Remote Play on Phone, Remote Play on Tablet, Remote Play on TV, Family Sharing|326054|66233||Open World, Post-apocalyptic, Singleplayer, Exploration, RPG, Adventure, Atmospheric, Shooter, First-Person, Story Rich, Action, Sci-fi, FPS, Action RPG, Sandbox, Great Soundtrack, Survival, Third Person, Third-Person Shooter, Character Customization
22300|Fallout 3|Oct 28, 2008|9.99|$9.99|RPG|Single-player, Partial Controller Support|16975|3955||Open World, Post-apocalyptic, RPG, Singleplayer, Exploration, First-Person, Sci-fi, Moddable, Adventure, Action, FPS, Atmospheric, Shooter, Character Customization, Third Person, Story Rich, Sandbox, Action RPG, Horror, Female Protagonist
2909400|FINAL FANTASY VII REBIRTH|Jan 23, 2025|49.99|$49.99|Action, Adventure, RPG|Single-player, Steam Achievements, Full controller support, Steam Trading Cards, Custom Volume Controls, Adjustable Difficulty, Keyboard Only Option, Stereo Sound, Surround Sound, Steam Cloud, HDR available, Family Sharing|15548|4627||RPG, Adventure, Action, Singleplayer, JRPG, Open World, Action RPG, Action-Adventure, Party-Based RPG, Story Rich, Spectacle fighter, Third Person, Cinematic, Fantasy, Realistic, Atmospheric, Drama, Emotional, Magic, Anime
1462040|FINAL FANTASY VII REMAKE INTERGRADE|Jun 17, 2022|39.99|$39.99|Action, Adventure, RPG|Single-player, Steam Achievements, Steam Trading Cards, Custom Volume Controls, Adjustable Difficulty, Keyboard Only Option, Stereo Sound, Surround Sound, Partial Controller Support, Steam Cloud, Family Sharing|33079|4228||RPG, Action RPG, JRPG, Singleplayer, Action-Adventure, Party-Based RPG, Spectacle fighter, Third Person, Action, Controller, Adventure, 3D, Fantasy, 3D Platformer, Magic, Story Rich, Cinematic, Realistic, Drama, Sci-fi
1297900|Gothic 1 Remake|Jun 5, 2026|49.99|$49.99|Action, RPG|Single-player, Steam Achievements, Full controller support, Steam Trading Cards, Camera Comfort, Custom Volume Controls, Adjustable Difficulty, Playable without Timed Input, Save Anytime, Stereo Sound, Subtitle Options, Surround Sound, Steam Cloud, Family Sharing|0|0||
1284210|Guild Wars 2®|Aug 23, 2022|0.0|Free|Adventure, Massively Multiplayer, RPG, Free To Play|Multi-player, MMO, PvP, Online PvP, Co-op, Online Co-op, In-App Purchases|19151|2392||MMORPG, Adventure, RPG, Character Customization, Free to Play, Fantasy, Third Person, 3D, Massively Multiplayer, PvP, Atmospheric, Class-Based, Combat, Multiplayer, Strategy, Crafting, Online Co-Op, Exploration, Story Rich, Singleplayer
939520|HELLGATE: London|Nov 15, 2018|12.99|$12.99|Action, RPG|Single-player, Family Sharing|1259|947||RPG, Action, Demons, Loot, Action RPG, Third-Person Shooter, Zombies, Gore, Violent, Hack and Slash, Singleplayer, First-Person, Post-apocalyptic, FPS, Atmospheric, Sci-fi, Multiplayer, Third Person, Looter Shooter
17460|Mass Effect (2007)|Dec 19, 2008|29.99|$29.99|Action, RPG|Single-player, Family Sharing|15394|1040||RPG, Sci-fi, Story Rich, Action, Space, Third-Person Shooter, Singleplayer, Choices Matter, Great Soundtrack, Third Person, Character Customization, Shooter, Adventure, Female Protagonist, Romance, Atmospheric, Open World, Action RPG, Real-Time with Pause, Immersive
1238000|Mass Effect™: Andromeda Deluxe Edition|Jun 11, 2020|39.99|$39.99|Action, RPG|Single-player, Multi-player, Co-op, Online Co-op, Steam Achievements, Full controller support, Steam Trading Cards|12344|4232||Character Customization, Sci-fi, RPG, Open World, Third-Person Shooter, Singleplayer, Action, Action RPG, Space, Third Person, Multiplayer, Sexual Content, Story Rich, Choices Matter, Nudity, Violent, Adventure, Female Protagonist, Shooter, Romance
754300|Metal Quest|Dec 6, 2017|0.99|$0.99|RPG|Single-player, Family Sharing|6|1||RPG, Indie, Class-Based, RPGMaker, Female Protagonist, Party-Based RPG
704450|Neverwinter Nights: Enhanced Edition|Mar 27, 2018|19.99|$19.99|RPG|Single-player, Multi-player, PvP, Online PvP, Co-op, Online Co-op, Steam Achievements, Steam Trading Cards, Steam Workshop, Includes level editor, Family Sharing|7717|850||RPG, Dungeons & Dragons, Fantasy, Character Customization, CRPG, Multiplayer, Real-Time with Pause, Story Rich, Adventure, Magic, Moddable, Online Co-Op, Co-op, Retro, Atmospheric, Action RPG, Female Protagonist, Action, Singleplayer, Action-Adventure
524220|NieR:Automata™|Mar 17, 2017|39.99|$39.99|Action, RPG|Single-player, Steam Achievements, Steam Trading Cards, Custom Volume Controls, Adjustable Difficulty, Playable without Timed Input, Stereo Sound, Partial Controller Support, Steam Cloud, Remote Play on Phone, Remote Play on Tablet, Family Sharing|122027|18142||Great Soundtrack, Story Rich, Female Protagonist, Hack and Slash, Action, Open World, RPG, JRPG, Anime, Post-apocalyptic, Singleplayer, Robots, Atmospheric, Sci-fi, Nudity, Adventure, Spectacle fighter, Bullet Hell, Character Action Game, Violent
3681010|Nioh 3|Feb 5, 2026|69.99|$69.99|Action, RPG|Single-player, Multi-player, Co-op, Online Co-op, Steam Achievements, Steam Trading Cards, Adjustable Text Size, Camera Comfort, Color Alternatives, Custom Volume Controls, Keyboard Only Option, Playable without Timed Input, Stereo Sound, Subtitle Options, Surround Sound, Partial Controller Support, Steam Cloud, Stats, Steam Leaderboards, Family Sharing|0|0||
485510|Nioh: Complete Edition|Nov 7, 2017|49.99|$49.99|Action, RPG|Single-player, Multi-player, PvP, Online PvP, Co-op, Online Co-op, Steam Achievements, Steam Trading Cards, Partial Controller Support, Steam Cloud, Stats, Steam Leaderboards, Family Sharing|27867|7025||Souls-like, Action, RPG, Difficult, Hack and Slash, Dark Fantasy, Ninja, Action RPG, Third Person, JRPG, Singleplayer, Co-op, Multiplayer, Historical, Loot, Fantasy, Adventure, Atmospheric, Nudity, Great Soundtrack
2849490|Outward 2|Jul 7, 2026|||Action, Adventure, RPG|Single-player, Multi-player, Co-op, Online Co-op, Shared/Split Screen Co-op, Shared/Split Screen, Steam Achievements, Full controller support, Remote Play Together, Family Sharing|0|0||
1687950|Persona 5 Royal|Oct 20, 2022|59.99|$59.99|RPG|Single-player, Steam Achievements, Full controller support, Steam Trading Cards, Steam Cloud, Family Sharing|99657|3487||JRPG, Story Rich, Great Soundtrack, Turn-Based Combat, Anime, RPG, Singleplayer, Dating Sim, Party-Based RPG, Multiple Endings, Turn-Based Strategy, Emotional, Visual Novel, Sexual Content, Colorful, Adventure, Heist, Soundtrack, Detective, Violent
291650|Pillars of Eternity|Mar 26, 2015|39.99|$39.99|RPG|Single-player, Steam Achievements, Steam Trading Cards, Steam Cloud, Commentary available, Remote Play on Tablet, Family Sharing|21751|2899||RPG, Isometric, Fantasy, Story Rich, Singleplayer, CRPG, Party-Based RPG, Real-Time with Pause, Adventure, Character Customization, Kickstarter, Atmospheric, Dark Fantasy, Open World, Exploration, Classic, Great Soundtrack, Strategy, Indie, Crowdfunded
560130|Pillars of Eternity II: Deadfire|May 8, 2018|39.99|$39.99|RPG|Single-player, Steam Achievements, Steam Trading Cards, Steam Workshop, Steam Cloud, Remote Play on Tablet, Family Sharing|16666|2265||RPG, Party-Based RPG, Isometric, CRPG, Story Rich, Character Customization, Singleplayer, Fantasy, Choices Matter, Open World, Turn-Based, Real-Time with Pause, Pirates, Adventure, Nudity, Exploration, Romance, Atmospheric, Great Soundtrack, Female Protagonist
4683260|Project Rabbit|Coming soon|||Action, Adventure, RPG|Single-player, Multi-player, PvP, Online PvP, Co-op, Online Co-op, Cross-Platform Multiplayer, Steam Achievements, Full controller support, Family Sharing|0|0||
462770|Pyre|Jul 25, 2017|19.99|$19.99|Action, Indie, RPG|Single-player, Multi-player, PvP, Shared/Split Screen PvP, Steam Achievements, Full controller support, Steam Trading Cards, Captions available, Steam Cloud, Remote Play on Phone, Remote Play on Tablet, Remote Play on TV, Remote Play Together, Family Sharing|8178|860||Indie, RPG, Great Soundtrack, Story Rich, Action, Visual Novel, Atmospheric, Hand-drawn, Fantasy, Singleplayer, Choices Matter, Colorful, Party-Based RPG, Adventure, Local Multiplayer, Lore-Rich, Multiple Endings, Interactive Fiction, Stylized, Music
33100|Alien Shooter|May 27, 2009|4.99|$4.99|Action, Indie, RPG|Single-player, Steam Achievements, Steam Trading Cards, Partial Controller Support, Steam Cloud, Steam Leaderboards, Family Sharing|4079|206||Shooter, Action, Gore, Blood, Aliens, Horror, Top-Down, Singleplayer, Sci-fi, Isometric, Action RPG, Top-Down Shooter, RPG, Looter Shooter, Beat 'em up, Indie, Arcade, Atmospheric, Arena Shooter, Rogue-like
2199080|STARBITES|May 21, 2026|||Adventure, Casual, RPG, Simulation|Single-player, Steam Achievements, Full controller support, Camera Comfort, Custom Volume Controls, Adjustable Difficulty, Stereo Sound, Steam Cloud, Family Sharing|0|0||
1716740|Starfield|Sep 5, 2023|49.99|$49.99|RPG|Single-player, Steam Achievements, Full controller support, Steam Trading Cards, Color Alternatives, Playable without Timed Input, Stereo Sound, Surround Sound, Steam Cloud, Family Sharing|93942|71585||Space, Singleplayer, Open World, RPG, Sci-fi, Exploration, First-Person, Character Customization, Story Rich, Action-Adventure, Third Person, Adventure, Action RPG, Atmospheric, Moddable, Space Sim, Action, Cinematic, Realistic, Great Soundtrack
429660|Tales of Berseria™|Jan 26, 2017|49.99|$49.99|Action, RPG|Single-player, Multi-player, Shared/Split Screen, Steam Achievements, Full controller support, Steam Trading Cards, Steam Cloud, Remote Play on Phone, Remote Play on Tablet, Remote Play on TV, Remote Play Together, Family Sharing|16835|1573||Anime, JRPG, RPG, Female Protagonist, Story Rich, Action, Fantasy, Action RPG, Singleplayer, Open World, Adventure, Great Soundtrack, Hack and Slash, Cute, Local Co-Op, Mature, Sexual Content, Co-op, Multiplayer, Nudity
230070|The Age of Decadence|Oct 14, 2015|14.99|$14.99|Indie, RPG|Single-player, Steam Achievements, Steam Trading Cards, Steam Cloud, Family Sharing|3068|676||Turn-Based Combat, Choices Matter, Tactical RPG, CRPG, Difficult, Turn-Based Tactics, RPG, Turn-Based Strategy, Turn-Based, Isometric, Post-apocalyptic, Rome, Multiple Endings, Nonlinear, Story Rich, Open World, Dark Fantasy, Fantasy, Old School, Tactical
451410|The Elder Scrolls III: Morrowind Soundtrack|Jun 21, 2018|9.99|$9.99|RPG||1|0||RPG
2623190|The Elder Scrolls IV: Oblivion Remastered|Apr 22, 2025|49.99|$49.99|RPG|Single-player, Steam Achievements, Steam Trading Cards, Custom Volume Controls, Playable without Timed Input, Stereo Sound, Surround Sound, Partial Controller Support, Steam Cloud, Family Sharing|42316|10242||RPG, Open World, Fantasy, Singleplayer, Adventure, Exploration, Action RPG, First-Person, Character Customization, Third Person, Story Rich, Action-Adventure, Great Soundtrack, Atmospheric, Violent, Sexual Content, Action, Gore, Politics, Multiplayer
611670|The Elder Scrolls V: Skyrim VR|Apr 2, 2018|59.99|$59.99|RPG|Single-player, Steam Achievements, Full controller support, Tracked Controller Support, VR Only, VR Support, SteamVR Collectibles, Steam Cloud, Family Sharing|8615|2843||Open World, RPG, VR, Singleplayer, Adventure, Fantasy, Magic, First-Person, Action, Dragons, Memes, Moddable, Exploration, Character Customization, Story Rich, Great Soundtrack, Sexual Content, Atmospheric, Stealth, Walking Simulator
489830|The Elder Scrolls V: Skyrim Special Edition|Oct 27, 2016|39.99|$39.99|RPG|Single-player, Steam Achievements, Playable without Timed Input, Save Anytime, Stereo Sound, Surround Sound, Partial Controller Support, Steam Cloud, Remote Play on Phone, Remote Play on Tablet, Family Sharing|310162|26896||Open World, RPG, Adventure, Singleplayer, Fantasy, Character Customization, Moddable, Dragons, Story Rich, Magic, First-Person, Action, Atmospheric, Great Soundtrack, Third Person, Stealth, Classic, Remake, Female Protagonist, Walking Simulator
578650|The Outer Worlds|Oct 23, 2020|29.99|$29.99|RPG|Single-player, Steam Achievements, Full controller support, Steam Trading Cards, Steam Cloud, Remote Play on Tablet, Remote Play on TV, Family Sharing|21727|4325||Open World, Action RPG, RPG, Exploration, FPS, Adventure, Singleplayer, Story Rich, Choices Matter, Sci-fi, First-Person, Shooter, Space, Character Customization, Action, PvE, Comedy, Action-Adventure, Colorful, Funny
20920|The Witcher 2: Assassins of Kings Enhanced Edition|Apr 16, 2012|19.99|$19.99|RPG|Single-player, Steam Achievements, Steam Trading Cards, Camera Comfort, Color Alternatives, Custom Volume Controls, Adjustable Difficulty, Playable without Timed Input, Save Anytime, Stereo Sound, Surround Sound, Partial Controller Support, Steam Cloud, Steam Leaderboards, Family Sharing|77950|9114||RPG, Fantasy, Mature, Story Rich, Choices Matter, Singleplayer, Third Person, Nudity, Adventure, Dark Fantasy, Multiple Endings, Open World, Action, Atmospheric, Based On A Novel, Well-Written, Difficult, Medieval, Magic, Dark
292030|The Witcher 3: Wild Hunt|May 18, 2015|39.99|$39.99|RPG|Single-player, Steam Achievements, Steam Trading Cards, Steam Workshop, Adjustable Text Size, Camera Comfort, Color Alternatives, Custom Volume Controls, Adjustable Difficulty, Playable without Timed Input, Save Anytime, Stereo Sound, Surround Sound, Partial Controller Support, Steam Cloud, Remote Play on Tablet, Remote Play on TV, HDR available, Family Sharing|802993|32356||Open World, RPG, Story Rich, Atmospheric, Mature, Fantasy, Adventure, Singleplayer, Nudity, Choices Matter, Great Soundtrack, Third Person, Medieval, Action, Multiple Endings, Action RPG, Dark Fantasy, Magic, Dark, Sandbox
378648|The Witcher 3: Wild Hunt - Blood and Wine|May 30, 2016|19.99|$19.99|RPG|Single-player, Downloadable Content, Steam Achievements, Full controller support, Steam Trading Cards, Adjustable Text Size, Camera Comfort, Color Alternatives, Custom Volume Controls, Adjustable Difficulty, Playable without Timed Input, Save Anytime, Stereo Sound, Surround Sound, Steam Cloud, HDR available, Family Sharing|6293|62||RPG, Open World, Story Rich, Atmospheric, Nudity, Adventure, Singleplayer, Great Soundtrack, Fantasy, Mature, Third Person, Choices Matter, Action, Dark Fantasy, Masterpiece, Action RPG, Vampire, Magic, Medieval, Sexual Content
200710|Torchlight II|Sep 20, 2012|19.99|$19.99|Action, Adventure, Indie, RPG|Single-player, Multi-player, Co-op, Cross-Platform Multiplayer, Steam Achievements, Steam Trading Cards, Steam Workshop, Steam Cloud, Family Sharing|41131|3210||RPG, Action RPG, Hack and Slash, Loot, Dungeon Crawler, Co-op, Fantasy, Online Co-Op, Multiplayer, Action, Adventure, Singleplayer, Indie, Moddable, Character Customization, Isometric, Replay Value, Steampunk, Atmospheric, Cartoon
553420|TUNIC|Mar 16, 2022|29.99|$29.99|Action, Adventure, RPG|Single-player, Steam Achievements, Full controller support, Steam Cloud, Family Sharing|13921|1260||Exploration, Puzzle, Souls-like, Metroidvania, Cute, Action-Adventure, Isometric, Difficult, RPG, 3D, Action RPG, Top-Down, Atmospheric, Colorful, Nonlinear, Action, Fantasy, Controller, Stylized, Indie
391540|Undertale|Sep 15, 2015|9.99|$9.99|Indie, RPG|Single-player, Steam Trading Cards, Remote Play on Phone, Remote Play on Tablet, Family Sharing|264082|8850||Great Soundtrack, Story Rich, Choices Matter, Multiple Endings, Pixel Graphics, Funny, RPG, Singleplayer, Indie, 2D, Comedy, Replay Value, Bullet Hell, Cute, Memes, Retro, Dark, Psychological Horror, Dating Sim, Horror
1794680|Vampire Survivors|Oct 20, 2022|4.99|$4.99|Action, Casual, Indie, RPG|Single-player, Multi-player, Co-op, Online Co-op, Steam Achievements, Full controller support, Steam Trading Cards, Steam Cloud, Remote Play Together, Family Sharing|246479|3855||Action Roguelike, Bullet Hell, Pixel Graphics, Rogue-lite, Vampire, 2D, Indie, Singleplayer, Casual, Arcade, Action, Rogue-like, RPG, Controller, Retro, Score Attack, Local Co-Op, Dark Fantasy, Action RPG, 1980s
2863680|ZERO PARADES: For Dead Spies|May 21, 2026|||Indie, RPG|Single-player, Steam Achievements, Adjustable Text Size, Camera Comfort, Color Alternatives, Custom Volume Controls, Keyboard Only Option, Mouse Only Option, Playable without Timed Input, Save Anytime, Stereo Sound, Subtitle Options, Partial Controller Support, Steam Cloud, Remote Play on Phone, Remote Play on Tablet, Family Sharing|0|0||
